Gengre1,Gengre2,Gengre3
Kids' TV,,
Kids' TV,,
Crime TV Shows, International TV Shows, Spanish-Language TV Shows
Docuseries, Science & Nature TV,
International TV Shows, Romantic TV Shows, TV Comedies
Docuseries,,
Kids' TV, TV Comedies,
International TV Shows, TV Dramas, TV Thrillers
Romantic TV Shows, TV Comedies, TV Dramas
Crime TV Shows, TV Dramas, TV Mysteries
TV Comedies,,
Kids' TV,,
Docuseries,,
Docuseries,,
Docuseries,,
Docuseries,,
Kids' TV, TV Comedies,
British TV Shows, Docuseries, International TV Shows
International TV Shows, Romantic TV Shows, TV Dramas
International TV Shows, TV Comedies, TV Dramas
British TV Shows, Docuseries, International TV Shows
International TV Shows, TV Dramas,
International TV Shows, Reality TV, Spanish-Language TV Shows
International TV Shows, TV Action & Adventure, TV Dramas
Kids' TV, TV Comedies,
Crime TV Shows, International TV Shows, TV Dramas
TV Comedies, TV Dramas, Teen TV Shows
Crime TV Shows, International TV Shows, Spanish-Language TV Shows
Kids' TV, TV Comedies,
TV Comedies, TV Dramas,
International TV Shows, Korean TV Shows, TV Action & Adventure
Reality TV, Science & Nature TV, TV Action & Adventure
Anime Series, International TV Shows,
Kids' TV,,
TV Comedies, TV Dramas, TV Mysteries
Crime TV Shows, TV Comedies, TV Dramas
Crime TV Shows, International TV Shows, TV Dramas
Crime TV Shows, International TV Shows, TV Dramas
Crime TV Shows, International TV Shows, Spanish-Language TV Shows
British TV Shows, Crime TV Shows, International TV Shows
Docuseries, Science & Nature TV,
International TV Shows, TV Comedies, TV Dramas
TV Horror, Teen TV Shows,
Anime Series, International TV Shows,
Crime TV Shows, International TV Shows, TV Action & Adventure
Docuseries,,
Kids' TV,,
Kids' TV,,
Crime TV Shows, TV Dramas, TV Mysteries
International TV Shows, Korean TV Shows, Romantic TV Shows
International TV Shows, TV Dramas,
International TV Shows, TV Dramas,
International TV Shows, TV Dramas,
Docuseries, Science & Nature TV,
Kids' TV, TV Comedies,
British TV Shows, Crime TV Shows, Docuseries
Docuseries,,
Anime Series, Kids' TV,
Crime TV Shows, Docuseries,
Reality TV,,
Docuseries,,
Docuseries,,
Reality TV,,
Docuseries, Science & Nature TV,
Crime TV Shows, International TV Shows, TV Dramas
British TV Shows, International TV Shows, Reality TV
British TV Shows, International TV Shows, Reality TV
British TV Shows, Docuseries, International TV Shows
British TV Shows, Crime TV Shows, TV Dramas
Docuseries, International TV Shows,
International TV Shows, Romantic TV Shows, TV Dramas
Docuseries, International TV Shows, Spanish-Language TV Shows
Reality TV,,
Stand-Up Comedy & Talk Shows, TV Comedies,
Kids' TV,,
International TV Shows, Romantic TV Shows, TV Action & Adventure
Anime Series, International TV Shows, TV Horror
International TV Shows, TV Dramas, TV Horror
International TV Shows, Spanish-Language TV Shows, TV Dramas
British TV Shows, Crime TV Shows, International TV Shows
Crime TV Shows, TV Dramas,
TV Action & Adventure, TV Dramas, TV Sci-Fi & Fantasy
Docuseries, Science & Nature TV,
International TV Shows, Korean TV Shows, TV Dramas
Stand-Up Comedy & Talk Shows, TV Comedies,
Docuseries, Kids' TV, Science & Nature TV
International TV Shows, Reality TV,
Kids' TV,,
British TV Shows, Crime TV Shows, Docuseries
Kids' TV,,
Kids' TV,,
Crime TV Shows, International TV Shows, TV Dramas
International TV Shows, TV Comedies, TV Dramas
International TV Shows, TV Dramas,
International TV Shows, TV Comedies, TV Dramas
International TV Shows, TV Dramas, TV Horror
International TV Shows, TV Dramas, TV Horror
International TV Shows, TV Dramas,
Anime Series, International TV Shows,
Docuseries, Reality TV,
Kids' TV,,
International TV Shows, TV Comedies, TV Dramas
Kids' TV,,
British TV Shows, Docuseries,
British TV Shows, TV Horror, TV Thrillers
International TV Shows, Romantic TV Shows, TV Comedies
International TV Shows, TV Comedies, TV Dramas
International TV Shows, Romantic TV Shows, TV Comedies
International TV Shows, TV Comedies, TV Dramas
International TV Shows, Romantic TV Shows, TV Dramas
International TV Shows, Romantic TV Shows, TV Comedies
International TV Shows, Romantic TV Shows, TV Comedies
British TV Shows, Crime TV Shows, Docuseries
Reality TV,,
Kids' TV,,
Anime Series, International TV Shows,
Kids' TV,,
International TV Shows, Korean TV Shows, TV Action & Adventure
Reality TV,,
Docuseries,,
Anime Series, International TV Shows,
International TV Shows, Korean TV Shows, TV Comedies
Kids' TV, TV Action & Adventure, TV Dramas
Anime Series, International TV Shows, Romantic TV Shows
Crime TV Shows, International TV Shows, TV Action & Adventure
Crime TV Shows, International TV Shows, TV Dramas
International TV Shows, Reality TV,
International TV Shows, Korean TV Shows, Romantic TV Shows
International TV Shows, Korean TV Shows, Romantic TV Shows
Crime TV Shows, International TV Shows, TV Dramas
Stand-Up Comedy & Talk Shows, TV Comedies,
Anime Series, Crime TV Shows,
Docuseries,,
International TV Shows, TV Comedies,
International TV Shows, Romantic TV Shows, Teen TV Shows
Stand-Up Comedy & Talk Shows, TV Mysteries, TV Sci-Fi & Fantasy
International TV Shows, Romantic TV Shows, Teen TV Shows
Crime TV Shows, Docuseries, International TV Shows
Crime TV Shows, International TV Shows, TV Dramas
Crime TV Shows, International TV Shows, Spanish-Language TV Shows
Crime TV Shows, International TV Shows, Spanish-Language TV Shows
International TV Shows, Reality TV,
International TV Shows, Reality TV, Spanish-Language TV Shows
Reality TV, TV Comedies, TV Horror
International TV Shows, TV Action & Adventure, TV Mysteries
Kids' TV, TV Comedies,
Stand-Up Comedy & Talk Shows, TV Comedies,
TV Action & Adventure, TV Comedies, TV Horror
British TV Shows, Crime TV Shows, International TV Shows
TV Dramas, TV Horror, TV Mysteries
Kids' TV, TV Comedies,
Docuseries,,
International TV Shows, Romantic TV Shows, TV Dramas
Crime TV Shows, International TV Shows, TV Dramas
TV Dramas, TV Thrillers,
Crime TV Shows, Docuseries, International TV Shows
Reality TV,,
British TV Shows, Docuseries, International TV Shows
International TV Shows, Reality TV,
Crime TV Shows, Docuseries, International TV Shows
British TV Shows, Reality TV,
Reality TV,,
British TV Shows, Docuseries, International TV Shows
British TV Shows, International TV Shows, Reality TV
Reality TV,,
Docuseries,,
British TV Shows, Docuseries, TV Comedies
British TV Shows, Docuseries,
International TV Shows, TV Comedies,
British TV Shows, TV Comedies,
International TV Shows, Romantic TV Shows, TV Comedies
Docuseries, International TV Shows, Science & Nature TV
Kids' TV, TV Comedies,
British TV Shows, International TV Shows, Romantic TV Shows
British TV Shows, International TV Shows, Reality TV
TV Comedies, TV Dramas,
Kids' TV, TV Comedies,
Kids' TV, Korean TV Shows,
Docuseries, Science & Nature TV,
Kids' TV, TV Thrillers,
International TV Shows, Korean TV Shows, Romantic TV Shows
International TV Shows, Korean TV Shows, Romantic TV Shows
International TV Shows, TV Dramas,
International TV Shows, Romantic TV Shows, TV Dramas
International TV Shows, TV Dramas,
International TV Shows, Romantic TV Shows, TV Comedies
Crime TV Shows, International TV Shows, TV Dramas
Docuseries, International TV Shows, Science & Nature TV
Kids' TV,,
International TV Shows,,
British TV Shows, International TV Shows, Reality TV
Kids' TV, TV Comedies,
Kids' TV,,
Anime Series, Crime TV Shows, International TV Shows
Kids' TV,,
Crime TV Shows, International TV Shows, TV Dramas
Docuseries, Stand-Up Comedy & Talk Shows,
Crime TV Shows, International TV Shows, Korean TV Shows
International TV Shows, TV Dramas,
Crime TV Shows, International TV Shows, TV Dramas
Docuseries,,
TV Comedies, TV Mysteries,
TV Dramas, TV Horror, TV Mysteries
Crime TV Shows, International TV Shows, TV Dramas
Docuseries,,
Anime Series, Kids' TV,
Anime Series, International TV Shows,
Crime TV Shows, International TV Shows, TV Dramas
British TV Shows, Docuseries, Science & Nature TV
British TV Shows, Docuseries, International TV Shows
International TV Shows, Korean TV Shows, Romantic TV Shows
International TV Shows, Korean TV Shows, Romantic TV Shows
International TV Shows, Romantic TV Shows, TV Comedies
International TV Shows, TV Comedies,
International TV Shows, TV Comedies, TV Dramas
International TV Shows, TV Comedies,
Kids' TV, Korean TV Shows,
Crime TV Shows, International TV Shows, Korean TV Shows
International TV Shows, Korean TV Shows, Romantic TV Shows
International TV Shows, Korean TV Shows, Romantic TV Shows
Crime TV Shows, International TV Shows, Korean TV Shows
British TV Shows, Docuseries,
British TV Shows, Docuseries, Science & Nature TV
Romantic TV Shows, TV Comedies,
British TV Shows, Docuseries, Science & Nature TV
Docuseries, Science & Nature TV,
Reality TV,,
British TV Shows, International TV Shows, Reality TV
Anime Series, Kids' TV,
British TV Shows, Docuseries, Science & Nature TV
Kids' TV, TV Comedies,
Docuseries, Science & Nature TV,
Docuseries, Science & Nature TV,
International TV Shows, TV Dramas,
British TV Shows, Docuseries, Science & Nature TV
Kids' TV,,
International TV Shows, Romantic TV Shows, TV Dramas
Crime TV Shows, International TV Shows, TV Dramas
International TV Shows, Romantic TV Shows, TV Dramas
International TV Shows, TV Dramas,
International TV Shows, Romantic TV Shows, TV Dramas
International TV Shows, Romantic TV Shows, TV Dramas
British TV Shows, TV Comedies,
International TV Shows, Romantic TV Shows, TV Comedies
International TV Shows, Romantic TV Shows, TV Comedies
Kids' TV,,
International TV Shows, Romantic TV Shows, TV Comedies
International TV Shows, TV Comedies, TV Dramas
Anime Series,,
International TV Shows, Romantic TV Shows, TV Dramas
International TV Shows, Romantic TV Shows, TV Comedies
Kids' TV,,
International TV Shows, Romantic TV Shows, TV Dramas
Docuseries, TV Dramas,
International TV Shows, TV Comedies,
Crime TV Shows, International TV Shows, Spanish-Language TV Shows
Reality TV,,
Crime TV Shows, International TV Shows, TV Dramas
British TV Shows, Docuseries, International TV Shows
Kids' TV, TV Action & Adventure, TV Comedies
Crime TV Shows, International TV Shows, TV Sci-Fi & Fantasy
Crime TV Shows, TV Dramas,
Kids' TV, TV Comedies,
Crime TV Shows, International TV Shows, TV Dramas
Crime TV Shows, International TV Shows, TV Dramas
Crime TV Shows, Docuseries,
International TV Shows, Romantic TV Shows, Spanish-Language TV Shows
International TV Shows, Korean TV Shows, Romantic TV Shows
Crime TV Shows, International TV Shows, TV Dramas
Kids' TV, TV Comedies,
Reality TV,,
International TV Shows, Romantic TV Shows, TV Dramas
International TV Shows, TV Dramas,
Crime TV Shows, International TV Shows, TV Dramas
Reality TV,,
International TV Shows, Romantic TV Shows, TV Comedies
Docuseries,,
Anime Series, International TV Shows,
International TV Shows, Stand-Up Comedy & Talk Shows, TV Comedies
TV Comedies,,
International TV Shows, TV Comedies, TV Dramas
Docuseries,,
Stand-Up Comedy & Talk Shows, TV Comedies,
Kids' TV,,
International TV Shows, Spanish-Language TV Shows, Stand-Up Comedy & Talk Shows
Crime TV Shows, TV Dramas, TV Mysteries
TV Comedies, TV Dramas, Teen TV Shows
Crime TV Shows, International TV Shows, Korean TV Shows
International TV Shows, Romantic TV Shows, TV Dramas
International TV Shows, TV Comedies,
International TV Shows, TV Comedies, TV Sci-Fi & Fantasy
Crime TV Shows, International TV Shows, Spanish-Language TV Shows
TV Shows,,
Anime Series, Kids' TV,
TV Dramas,,
Crime TV Shows, Docuseries,
International TV Shows, TV Comedies, TV Dramas
International TV Shows, Reality TV,
International TV Shows, Korean TV Shows, TV Dramas
TV Dramas,,
Crime TV Shows, International TV Shows, TV Dramas
International TV Shows, Romantic TV Shows, TV Comedies
International TV Shows, TV Comedies, TV Dramas
International TV Shows, TV Dramas,
Crime TV Shows, Docuseries, International TV Shows
Kids' TV,,
Kids' TV, TV Comedies,
Reality TV,,
Kids' TV, TV Comedies,
Kids' TV,,
Crime TV Shows, International TV Shows, TV Dramas
International TV Shows, Romantic TV Shows, TV Comedies
International TV Shows, Reality TV, Spanish-Language TV Shows
Crime TV Shows, International TV Shows, Spanish-Language TV Shows
International TV Shows, TV Dramas, Teen TV Shows
International TV Shows, Romantic TV Shows, TV Dramas
Spanish-Language TV Shows, TV Dramas,
Romantic TV Shows, Spanish-Language TV Shows, TV Comedies
Reality TV,,
British TV Shows, Crime TV Shows, International TV Shows
Docuseries,,
Crime TV Shows, TV Action & Adventure, TV Dramas
Docuseries, International TV Shows, Reality TV
International TV Shows, Romantic TV Shows,
Reality TV,,
International TV Shows, Korean TV Shows, Romantic TV Shows
International TV Shows, Romantic TV Shows,
International TV Shows, Romantic TV Shows, TV Dramas
International TV Shows, Korean TV Shows, Romantic TV Shows
Crime TV Shows, International TV Shows, Spanish-Language TV Shows
International TV Shows, TV Action & Adventure, TV Dramas
International TV Shows, Romantic TV Shows, TV Action & Adventure
Anime Series, Kids' TV,
Kids' TV,,
Anime Series, International TV Shows, Teen TV Shows
Crime TV Shows, International TV Shows, TV Dramas
TV Comedies,,
Docuseries,,
International TV Shows, Romantic TV Shows, TV Comedies
Docuseries, Spanish-Language TV Shows,
Crime TV Shows, International TV Shows, TV Dramas
TV Comedies,,
International TV Shows, Romantic TV Shows, Teen TV Shows
Docuseries, International TV Shows, Science & Nature TV
Docuseries, International TV Shows, Science & Nature TV
TV Horror, TV Mysteries, TV Sci-Fi & Fantasy
International TV Shows, TV Action & Adventure, TV Comedies
Docuseries, International TV Shows,
British TV Shows, International TV Shows, Reality TV
Docuseries, International TV Shows, Science & Nature TV
Crime TV Shows, International TV Shows, TV Dramas
Kids' TV,,
Crime TV Shows, International TV Shows, Spanish-Language TV Shows
Kids' TV,,
Anime Series, Romantic TV Shows,
International TV Shows, Reality TV,
International TV Shows, Spanish-Language TV Shows, TV Dramas
International TV Shows, TV Dramas, TV Mysteries
Kids' TV,,
Crime TV Shows, TV Comedies, TV Dramas
International TV Shows, TV Dramas, TV Mysteries
British TV Shows, Reality TV,
International TV Shows, Stand-Up Comedy & Talk Shows,
Crime TV Shows, International TV Shows, Korean TV Shows
International TV Shows, TV Dramas,
International TV Shows, TV Dramas,
International TV Shows, TV Dramas,
Crime TV Shows, International TV Shows, TV Action & Adventure
International TV Shows, TV Dramas,
International TV Shows, Romantic TV Shows, TV Comedies
International TV Shows, Romantic TV Shows, TV Comedies
International TV Shows, Romantic TV Shows, TV Comedies
International TV Shows, Romantic TV Shows, TV Comedies
International TV Shows, Romantic TV Shows, TV Comedies
International TV Shows, Romantic TV Shows, TV Comedies
International TV Shows, TV Dramas,
International TV Shows, TV Comedies,
International TV Shows, Romantic TV Shows, TV Dramas
International TV Shows, Romantic TV Shows, TV Dramas
International TV Shows, Romantic TV Shows, TV Dramas
International TV Shows, TV Dramas,
International TV Shows, Romantic TV Shows, TV Comedies
International TV Shows, TV Dramas,
International TV Shows, TV Dramas, TV Sci-Fi & Fantasy
Crime TV Shows, International TV Shows, Korean TV Shows
International TV Shows, TV Comedies, TV Dramas
International TV Shows, TV Dramas,
Crime TV Shows, International TV Shows, TV Dramas
International TV Shows, TV Dramas,
Crime TV Shows, International TV Shows, Spanish-Language TV Shows
International TV Shows, TV Comedies, TV Dramas
Stand-Up Comedy & Talk Shows, TV Comedies,
International TV Shows, Romantic TV Shows, Spanish-Language TV Shows
Crime TV Shows, International TV Shows, TV Comedies
Crime TV Shows, Docuseries, International TV Shows
Crime TV Shows, TV Dramas,
Crime TV Shows, International TV Shows, Spanish-Language TV Shows
TV Comedies, TV Dramas,
Reality TV,,
TV Comedies,,
Crime TV Shows, International TV Shows, TV Dramas
TV Dramas, TV Sci-Fi & Fantasy,
Stand-Up Comedy & Talk Shows, TV Comedies,
Stand-Up Comedy & Talk Shows, TV Comedies,
International TV Shows, Romantic TV Shows, TV Dramas
International TV Shows, Korean TV Shows, Romantic TV Shows
International TV Shows, Romantic TV Shows, TV Dramas
TV Shows,,
Docuseries, International TV Shows,
TV Dramas, TV Thrillers,
Romantic TV Shows, TV Comedies, TV Dramas
International TV Shows, TV Action & Adventure, TV Comedies
International TV Shows, Korean TV Shows, Romantic TV Shows
International TV Shows, Korean TV Shows, Romantic TV Shows
International TV Shows, Korean TV Shows, Romantic TV Shows
Crime TV Shows, International TV Shows, Korean TV Shows
International TV Shows, Korean TV Shows, Romantic TV Shows
International TV Shows, Korean TV Shows, Romantic TV Shows
Kids' TV,,
Docuseries,,
Crime TV Shows, International TV Shows, TV Dramas
Crime TV Shows, International TV Shows, TV Dramas
International TV Shows, Korean TV Shows, Reality TV
Docuseries, International TV Shows,
Crime TV Shows, Docuseries, TV Mysteries
Kids' TV,,
Romantic TV Shows, Spanish-Language TV Shows, TV Dramas
Crime TV Shows, Docuseries, International TV Shows
TV Comedies,,
International TV Shows, Romantic TV Shows, TV Comedies
British TV Shows, Kids' TV, TV Comedies
Kids' TV, Spanish-Language TV Shows,
International TV Shows, Romantic TV Shows, TV Dramas
Anime Series, International TV Shows,
Docuseries, International TV Shows,
International TV Shows, Spanish-Language TV Shows, TV Dramas
Anime Series, International TV Shows,
British TV Shows, Docuseries, Science & Nature TV
Crime TV Shows, International TV Shows, TV Dramas
Kids' TV, TV Action & Adventure, TV Comedies
Kids' TV,,
Crime TV Shows, Docuseries, TV Mysteries
Kids' TV, TV Comedies,
Reality TV,,
TV Dramas,,
International TV Shows, Romantic TV Shows, TV Dramas
TV Dramas, Teen TV Shows,
Classic & Cult TV, TV Dramas, TV Sci-Fi & Fantasy
Reality TV,,
International TV Shows, TV Horror, TV Mysteries
International TV Shows, Korean TV Shows, Romantic TV Shows
International TV Shows, Korean TV Shows, TV Action & Adventure
Crime TV Shows, International TV Shows, TV Comedies
International TV Shows, Korean TV Shows, Romantic TV Shows
International TV Shows, TV Dramas,
International TV Shows, Stand-Up Comedy & Talk Shows, TV Comedies
Kids' TV,,
International TV Shows, Stand-Up Comedy & Talk Shows,
International TV Shows, TV Dramas,
International TV Shows, Stand-Up Comedy & Talk Shows,
Anime Series, International TV Shows,
British TV Shows, Crime TV Shows, International TV Shows
British TV Shows, International TV Shows, TV Comedies
International TV Shows, Romantic TV Shows, TV Dramas
TV Comedies,,
International TV Shows, TV Dramas, TV Mysteries
Docuseries,,
International TV Shows, TV Dramas, TV Horror
Anime Series, International TV Shows,
Crime TV Shows, International TV Shows, TV Action & Adventure
International TV Shows, TV Dramas,
Crime TV Shows, International TV Shows, Korean TV Shows
TV Dramas, TV Horror, TV Mysteries
Crime TV Shows, TV Dramas,
Crime TV Shows, TV Dramas, TV Thrillers
Crime TV Shows, International TV Shows, TV Dramas
International TV Shows, Korean TV Shows, Romantic TV Shows
Kids' TV, TV Comedies,
TV Comedies,,
Kids' TV,,
Crime TV Shows, International TV Shows, Spanish-Language TV Shows
Kids' TV, TV Comedies,
Docuseries,,
British TV Shows, Crime TV Shows, International TV Shows
British TV Shows, Docuseries, Science & Nature TV
British TV Shows, Romantic TV Shows, TV Dramas
British TV Shows, Crime TV Shows, TV Dramas
British TV Shows, Crime TV Shows, International TV Shows
British TV Shows, Crime TV Shows, Docuseries
British TV Shows, Docuseries, Science & Nature TV
British TV Shows, Docuseries, Science & Nature TV
Crime TV Shows, International TV Shows, TV Dramas
British TV Shows, Kids' TV,
International TV Shows, Romantic TV Shows, TV Comedies
Docuseries,,
Docuseries,,
International TV Shows, Spanish-Language TV Shows, TV Comedies
Crime TV Shows, International TV Shows, TV Dramas
International TV Shows, TV Dramas, TV Mysteries
International TV Shows, TV Dramas,
British TV Shows, International TV Shows, TV Dramas
TV Dramas, Teen TV Shows,
Kids' TV,,
British TV Shows, International TV Shows, Stand-Up Comedy & Talk Shows
Crime TV Shows, International TV Shows, TV Action & Adventure
Crime TV Shows, Docuseries,
Crime TV Shows, International TV Shows, TV Dramas
British TV Shows, International TV Shows, TV Dramas
Kids' TV,,
Crime TV Shows, International TV Shows, Spanish-Language TV Shows
Crime TV Shows, International TV Shows, TV Dramas
International TV Shows, Romantic TV Shows, TV Dramas
Reality TV,,
International TV Shows, TV Dramas,
Kids' TV,,
International TV Shows, TV Comedies, TV Dramas
Stand-Up Comedy & Talk Shows, TV Comedies,
International TV Shows, TV Dramas,
International TV Shows, Romantic TV Shows, TV Dramas
International TV Shows, Spanish-Language TV Shows, TV Dramas
Anime Series, Crime TV Shows, International TV Shows
TV Comedies,,
Anime Series, Crime TV Shows, International TV Shows
Docuseries, Science & Nature TV,
International TV Shows, Romantic TV Shows, TV Comedies
Kids' TV,,
International TV Shows, TV Dramas,
International TV Shows, Spanish-Language TV Shows, TV Dramas
Crime TV Shows, Docuseries,
Crime TV Shows, International TV Shows, TV Dramas
International TV Shows, Romantic TV Shows, TV Dramas
TV Action & Adventure, TV Horror, TV Sci-Fi & Fantasy
International TV Shows, TV Dramas,
Crime TV Shows, Docuseries,
British TV Shows, Docuseries, Science & Nature TV
British TV Shows, International TV Shows, TV Comedies
Crime TV Shows, International TV Shows, TV Dramas
TV Comedies, TV Sci-Fi & Fantasy,
International TV Shows, Romantic TV Shows, TV Comedies
International TV Shows, Romantic TV Shows, TV Dramas
International TV Shows, TV Dramas, TV Mysteries
Kids' TV,,
Reality TV, Teen TV Shows,
Docuseries,,
International TV Shows, TV Dramas, TV Mysteries
International TV Shows, TV Comedies, TV Sci-Fi & Fantasy
Anime Series, International TV Shows,
Crime TV Shows, International TV Shows, Korean TV Shows
International TV Shows, Korean TV Shows, Romantic TV Shows
International TV Shows, Romantic TV Shows, TV Dramas
International TV Shows, TV Dramas,
TV Comedies,,
Kids' TV, TV Comedies,
International TV Shows, Korean TV Shows, Romantic TV Shows
Docuseries, International TV Shows,
Reality TV, Science & Nature TV,
Docuseries,,
TV Dramas,,
International TV Shows, TV Horror, TV Mysteries
Crime TV Shows, International TV Shows, TV Dramas
International TV Shows, TV Horror, TV Thrillers
International TV Shows, TV Comedies,
British TV Shows, Docuseries, Science & Nature TV
British TV Shows, Docuseries, Science & Nature TV
British TV Shows, Docuseries, Science & Nature TV
British TV Shows, Docuseries, Science & Nature TV
Docuseries, International TV Shows, Science & Nature TV
International TV Shows, TV Dramas,
Docuseries, Science & Nature TV,
International TV Shows, TV Comedies,
British TV Shows, Docuseries, Science & Nature TV
International TV Shows, Korean TV Shows, TV Action & Adventure
Anime Series, International TV Shows, Romantic TV Shows
International TV Shows, Korean TV Shows, Romantic TV Shows
Kids' TV, TV Thrillers,
Crime TV Shows, Docuseries, TV Mysteries
Kids' TV,,
TV Dramas,,
Kids' TV,,
International TV Shows, Romantic TV Shows, TV Comedies
Crime TV Shows, TV Dramas, TV Mysteries
TV Dramas,,
Kids' TV, TV Action & Adventure, TV Comedies
British TV Shows, International TV Shows, Reality TV
British TV Shows, Crime TV Shows, International TV Shows
International TV Shows, Spanish-Language TV Shows, TV Comedies
Crime TV Shows, International TV Shows, TV Dramas
Anime Series, International TV Shows,
Crime TV Shows, Docuseries, Science & Nature TV
International TV Shows, TV Comedies, TV Dramas
Kids' TV,,
TV Dramas,,
International TV Shows, TV Dramas, TV Mysteries
Crime TV Shows, International TV Shows, TV Comedies
Kids' TV, TV Comedies,
International TV Shows, TV Comedies,
Kids' TV,,
TV Dramas,,
Kids' TV,,
Reality TV,,
International TV Shows, Romantic TV Shows, Spanish-Language TV Shows
International TV Shows, Romantic TV Shows, TV Comedies
TV Comedies,,
Anime Series, International TV Shows,
Docuseries,,
British TV Shows, Docuseries, Science & Nature TV
International TV Shows, Korean TV Shows, TV Action & Adventure
British TV Shows, International TV Shows, Romantic TV Shows
International TV Shows, Korean TV Shows, Reality TV
International TV Shows, TV Dramas,
International TV Shows, TV Dramas, Teen TV Shows
International TV Shows, Spanish-Language TV Shows, TV Comedies
International TV Shows, Spanish-Language TV Shows, TV Comedies
International TV Shows, TV Comedies, TV Dramas
International TV Shows, TV Dramas,
Anime Series, International TV Shows,
Anime Series, International TV Shows,
International TV Shows, Romantic TV Shows, TV Comedies
Crime TV Shows, Docuseries, International TV Shows
Crime TV Shows, International TV Shows, TV Dramas
Kids' TV,,
Kids' TV,,
Reality TV,,
International TV Shows, TV Dramas, TV Mysteries
TV Dramas, Teen TV Shows,
Crime TV Shows, International TV Shows, Spanish-Language TV Shows
International TV Shows, TV Dramas, TV Mysteries
Kids' TV,,
International TV Shows, Korean TV Shows, Romantic TV Shows
International TV Shows, Korean TV Shows, Romantic TV Shows
Crime TV Shows, International TV Shows, Korean TV Shows
Crime TV Shows, International TV Shows, Korean TV Shows
International TV Shows, Romantic TV Shows, TV Dramas
International TV Shows, Korean TV Shows, TV Dramas
International TV Shows, TV Dramas,
Crime TV Shows, Spanish-Language TV Shows, TV Dramas
International TV Shows, TV Dramas,
Docuseries, International TV Shows,
International TV Shows, TV Horror, TV Thrillers
International TV Shows, TV Dramas,
Crime TV Shows, International TV Shows, TV Dramas
Kids' TV, Korean TV Shows,
Crime TV Shows, International TV Shows, Spanish-Language TV Shows
Kids' TV, Korean TV Shows,
International TV Shows, Romantic TV Shows, TV Dramas
International TV Shows, TV Dramas,
International TV Shows, TV Dramas,
Docuseries, International TV Shows,
Docuseries, International TV Shows, Science & Nature TV
Docuseries, International TV Shows, Science & Nature TV
TV Shows,,
Crime TV Shows, International TV Shows, Romantic TV Shows
Kids' TV,,
International TV Shows, Korean TV Shows, Romantic TV Shows
International TV Shows, Romantic TV Shows, TV Dramas
International TV Shows, TV Dramas,
International TV Shows, TV Dramas,
International TV Shows, TV Action & Adventure, TV Dramas
Crime TV Shows, International TV Shows, TV Dramas
Crime TV Shows, TV Dramas,
International TV Shows, Romantic TV Shows, TV Dramas
International TV Shows, TV Dramas, TV Sci-Fi & Fantasy
Docuseries, International TV Shows,
International TV Shows, TV Dramas,
International TV Shows, Romantic TV Shows, TV Dramas
International TV Shows, Romantic TV Shows, TV Dramas
TV Comedies,,
TV Shows,,
Docuseries, TV Dramas,
Kids' TV,,
Docuseries,,
Crime TV Shows, International TV Shows, TV Action & Adventure
International TV Shows, TV Comedies, TV Dramas
British TV Shows, Crime TV Shows, Docuseries
British TV Shows, International TV Shows, Reality TV
British TV Shows, International TV Shows, Reality TV
British TV Shows, Docuseries, International TV Shows
British TV Shows, Docuseries, International TV Shows
TV Action & Adventure, TV Dramas, TV Mysteries
International TV Shows,,
British TV Shows, International TV Shows, Reality TV
International TV Shows, Reality TV,
International TV Shows, Romantic TV Shows, TV Dramas
British TV Shows, International TV Shows, Reality TV
Docuseries, International TV Shows,
International TV Shows, TV Comedies, TV Dramas
International TV Shows, TV Comedies, TV Dramas
Kids' TV, TV Action & Adventure, TV Sci-Fi & Fantasy
International TV Shows, Romantic TV Shows, TV Dramas
International TV Shows, Romantic TV Shows, TV Dramas
International TV Shows, Korean TV Shows, TV Dramas
Anime Series, International TV Shows,
International TV Shows, TV Horror, TV Mysteries
International TV Shows, Korean TV Shows, Romantic TV Shows
Docuseries, International TV Shows, Spanish-Language TV Shows
Stand-Up Comedy & Talk Shows,,
International TV Shows, Romantic TV Shows, TV Dramas
Anime Series, International TV Shows,
Anime Series, International TV Shows, Teen TV Shows
Anime Series, International TV Shows,
Anime Series, International TV Shows,
Kids' TV, TV Comedies,
International TV Shows, TV Dramas, TV Sci-Fi & Fantasy
International TV Shows, Romantic TV Shows, TV Dramas
Anime Series, International TV Shows,
Crime TV Shows, International TV Shows, TV Action & Adventure
British TV Shows, Reality TV, Romantic TV Shows
British TV Shows, Docuseries, International TV Shows
International TV Shows, Reality TV,
British TV Shows, Crime TV Shows, Docuseries
International TV Shows, Reality TV,
British TV Shows, Docuseries,
International TV Shows, Spanish-Language TV Shows, TV Dramas
British TV Shows, Docuseries, International TV Shows
Reality TV,,
British TV Shows, International TV Shows, Reality TV
International TV Shows, Korean TV Shows, Romantic TV Shows
International TV Shows, TV Action & Adventure, TV Sci-Fi & Fantasy
Docuseries, International TV Shows, Reality TV
Kids' TV,,
International TV Shows, TV Dramas, TV Thrillers
Kids' TV,,
TV Comedies,,
Kids' TV, TV Action & Adventure, TV Comedies
Kids' TV, Korean TV Shows,
Crime TV Shows, Docuseries,
Kids' TV,,
Kids' TV, TV Comedies,
Anime Series,,
Kids' TV, Korean TV Shows,
Kids' TV, Korean TV Shows,
International TV Shows, TV Comedies,
International TV Shows, TV Dramas, TV Mysteries
Crime TV Shows, International TV Shows, TV Dramas
Kids' TV, TV Comedies,
International TV Shows, TV Dramas,
Crime TV Shows, International TV Shows, TV Dramas
British TV Shows, Kids' TV,
International TV Shows, Korean TV Shows, Romantic TV Shows
International TV Shows, TV Dramas, TV Horror
International TV Shows, Romantic TV Shows, TV Dramas
International TV Shows, Romantic TV Shows, TV Dramas
Crime TV Shows, International TV Shows, TV Dramas
International TV Shows, TV Dramas,
International TV Shows, TV Dramas,
International TV Shows, TV Dramas,
International TV Shows, Romantic TV Shows, TV Comedies
Crime TV Shows, International TV Shows, TV Dramas
TV Comedies, TV Dramas,
Crime TV Shows, TV Dramas, TV Sci-Fi & Fantasy
International TV Shows, Korean TV Shows, Romantic TV Shows
Docuseries, International TV Shows, Science & Nature TV
Docuseries, Reality TV, Teen TV Shows
International TV Shows, Romantic TV Shows, TV Comedies
Anime Series, International TV Shows, TV Horror
British TV Shows, International TV Shows, TV Dramas
Kids' TV,,
Anime Series, Crime TV Shows, TV Thrillers
International TV Shows, Romantic TV Shows, TV Dramas
Crime TV Shows, International TV Shows, TV Action & Adventure
Kids' TV,,
British TV Shows, Crime TV Shows, International TV Shows
International TV Shows, Korean TV Shows, TV Dramas
Docuseries, International TV Shows,
British TV Shows, Docuseries, International TV Shows
British TV Shows, Docuseries, Science & Nature TV
International TV Shows, TV Dramas,
International TV Shows, Spanish-Language TV Shows, TV Dramas
Crime TV Shows, Docuseries, International TV Shows
Crime TV Shows, Docuseries,
British TV Shows, International TV Shows, TV Dramas
Crime TV Shows, Docuseries, International TV Shows
International TV Shows, Korean TV Shows, TV Action & Adventure
International TV Shows, Romantic TV Shows, TV Comedies
Crime TV Shows, Docuseries,
International TV Shows, Korean TV Shows, TV Comedies
Crime TV Shows, International TV Shows, TV Dramas
Docuseries, Science & Nature TV,
Crime TV Shows, Docuseries,
Crime TV Shows, International TV Shows, TV Dramas
International TV Shows, Romantic TV Shows, TV Dramas
Docuseries, Science & Nature TV,
International TV Shows, TV Action & Adventure, TV Dramas
International TV Shows, Romantic TV Shows, TV Dramas
Docuseries,,
International TV Shows, Romantic TV Shows, TV Dramas
Docuseries, International TV Shows,
Docuseries,,
International TV Shows, Romantic TV Shows, Spanish-Language TV Shows
International TV Shows, TV Dramas, TV Horror
International TV Shows, Reality TV,
TV Shows,,
Crime TV Shows, International TV Shows, TV Dramas
International TV Shows, TV Dramas, TV Sci-Fi & Fantasy
Crime TV Shows, Docuseries,
Classic & Cult TV, Crime TV Shows, International TV Shows
Crime TV Shows, International TV Shows, Spanish-Language TV Shows
International TV Shows, Romantic TV Shows, TV Dramas
Kids' TV, TV Comedies,
International TV Shows, TV Dramas,
Kids' TV, TV Comedies, TV Dramas
Crime TV Shows, International TV Shows, Spanish-Language TV Shows
International TV Shows, Reality TV, Romantic TV Shows
British TV Shows, International TV Shows, TV Comedies
TV Comedies, TV Dramas,
British TV Shows, Crime TV Shows, International TV Shows
Crime TV Shows, International TV Shows, TV Dramas
Crime TV Shows, TV Action & Adventure, TV Comedies
International TV Shows, Reality TV, TV Comedies
TV Dramas,,
International TV Shows, TV Action & Adventure, TV Dramas
Kids' TV, TV Comedies,
International TV Shows, Korean TV Shows, Romantic TV Shows
Anime Series, Teen TV Shows,
Kids' TV,,
International TV Shows, Korean TV Shows, TV Dramas
TV Dramas, TV Thrillers,
Crime TV Shows, Docuseries, International TV Shows
International TV Shows, Korean TV Shows, Romantic TV Shows
International TV Shows, Korean TV Shows, TV Dramas
TV Dramas,,
International TV Shows, Korean TV Shows, Romantic TV Shows
Reality TV,,
Crime TV Shows, TV Comedies, TV Dramas
Reality TV,,
Anime Series, International TV Shows,
Anime Series, Kids' TV,
Crime TV Shows, International TV Shows, TV Dramas
Docuseries,,
International TV Shows, Romantic TV Shows, TV Dramas
International TV Shows, Romantic TV Shows, TV Dramas
International TV Shows, Romantic TV Shows, TV Comedies
International TV Shows, Romantic TV Shows, TV Comedies
International TV Shows, Romantic TV Shows, TV Comedies
International TV Shows, Romantic TV Shows, TV Comedies
International TV Shows, Romantic TV Shows, TV Comedies
Kids' TV,,
Kids' TV, TV Comedies,
Kids' TV,,
Kids' TV,,
Kids' TV,,
Kids' TV,,
Kids' TV,,
Kids' TV,,
Kids' TV,,
Kids' TV,,
Kids' TV,,
Kids' TV,,
Kids' TV,,
Kids' TV,,
Kids' TV,,
Kids' TV,,
Kids' TV,,
Kids' TV,,
Kids' TV,,
Kids' TV,,
Kids' TV,,
International TV Shows, Romantic TV Shows, TV Dramas
Crime TV Shows, International TV Shows, TV Dramas
International TV Shows, Reality TV, Spanish-Language TV Shows
Crime TV Shows, International TV Shows, Spanish-Language TV Shows
Docuseries, Science & Nature TV,
International TV Shows, TV Comedies,
TV Action & Adventure, TV Dramas,
Crime TV Shows, International TV Shows, TV Dramas
Crime TV Shows, International TV Shows, Korean TV Shows
British TV Shows, Crime TV Shows, International TV Shows
International TV Shows, TV Dramas,
Anime Series, International TV Shows, Romantic TV Shows
Crime TV Shows, International TV Shows, TV Dramas
Stand-Up Comedy & Talk Shows,,
International TV Shows, Korean TV Shows, Romantic TV Shows
Crime TV Shows, TV Dramas,
Crime TV Shows, International TV Shows, Spanish-Language TV Shows
Anime Series, International TV Shows,
Kids' TV,,
International TV Shows, Korean TV Shows, TV Comedies
International TV Shows, Romantic TV Shows, TV Comedies
Crime TV Shows, TV Dramas,
Crime TV Shows, Docuseries, International TV Shows
Docuseries,,
British TV Shows, Docuseries, International TV Shows
Docuseries,,
Docuseries,,
Crime TV Shows, Docuseries,
Docuseries,,
Docuseries, Science & Nature TV,
Crime TV Shows, TV Action & Adventure, TV Dramas
Docuseries, Reality TV,
Docuseries,,
International TV Shows, Korean TV Shows, Stand-Up Comedy & Talk Shows
Docuseries,,
International TV Shows, TV Dramas, TV Horror
Crime TV Shows, Docuseries,
International TV Shows, Korean TV Shows, Romantic TV Shows
TV Comedies, TV Dramas, Teen TV Shows
Docuseries, International TV Shows,
International TV Shows, TV Comedies, TV Dramas
Docuseries, TV Comedies,
Crime TV Shows, Docuseries, International TV Shows
International TV Shows, Spanish-Language TV Shows, TV Horror
TV Action & Adventure, TV Mysteries, TV Sci-Fi & Fantasy
Crime TV Shows, International TV Shows, TV Dramas
International TV Shows, TV Dramas, TV Mysteries
International TV Shows, Korean TV Shows, TV Dramas
International TV Shows, Korean TV Shows, Romantic TV Shows
Reality TV, Romantic TV Shows,
Docuseries,,
International TV Shows, Korean TV Shows, TV Dramas
Anime Series, International TV Shows,
TV Shows,,
International TV Shows, Spanish-Language TV Shows, TV Dramas
Docuseries,,
Docuseries,,
British TV Shows, Crime TV Shows, Docuseries
British TV Shows, Docuseries,
Kids' TV,,
Crime TV Shows, Docuseries, International TV Shows
British TV Shows, Docuseries,
British TV Shows, Reality TV,
TV Comedies, TV Dramas,
Crime TV Shows, International TV Shows, TV Dramas
Anime Series, International TV Shows,
British TV Shows, Docuseries, Science & Nature TV
British TV Shows, Reality TV,
British TV Shows, Docuseries,
Docuseries,,
British TV Shows, Docuseries,
Kids' TV, TV Comedies,
British TV Shows, Kids' TV,
British TV Shows, Docuseries, International TV Shows
Crime TV Shows, Romantic TV Shows, Spanish-Language TV Shows
International TV Shows, Reality TV, Spanish-Language TV Shows
TV Shows,,
Kids' TV,,
Crime TV Shows, TV Dramas, TV Thrillers
Crime TV Shows, Docuseries,
Crime TV Shows, International TV Shows, Spanish-Language TV Shows
Docuseries, International TV Shows, Reality TV
International TV Shows, Romantic TV Shows, TV Comedies
Docuseries, International TV Shows,
Crime TV Shows, International TV Shows, TV Dramas
International TV Shows, TV Dramas,
TV Comedies,,
British TV Shows, International TV Shows, Reality TV
Anime Series, International TV Shows, Romantic TV Shows
Crime TV Shows, Docuseries,
International TV Shows, Spanish-Language TV Shows, TV Dramas
Crime TV Shows, International TV Shows, Romantic TV Shows
Romantic TV Shows, TV Dramas,
Crime TV Shows, TV Action & Adventure, TV Comedies
International TV Shows, Romantic TV Shows, TV Comedies
TV Action & Adventure, TV Dramas, TV Horror
Kids' TV,,
TV Comedies,,
International TV Shows, TV Dramas, Teen TV Shows
International TV Shows, Romantic TV Shows, Spanish-Language TV Shows
Docuseries, International TV Shows,
Kids' TV, Korean TV Shows,
Kids' TV,,
International TV Shows, Spanish-Language TV Shows, TV Comedies
International TV Shows, TV Dramas,
Docuseries, TV Comedies,
Reality TV,,
Reality TV,,
Reality TV,,
Kids' TV,,
Stand-Up Comedy & Talk Shows, TV Comedies,
Classic & Cult TV, Kids' TV, Spanish-Language TV Shows
Kids' TV, TV Comedies,
Crime TV Shows, International TV Shows, Romantic TV Shows
International TV Shows, Romantic TV Shows, Spanish-Language TV Shows
International TV Shows, Romantic TV Shows, Spanish-Language TV Shows
International TV Shows, Romantic TV Shows, Spanish-Language TV Shows
Crime TV Shows, TV Comedies, TV Dramas
Anime Series, International TV Shows,
TV Shows,,
International TV Shows, Korean TV Shows, Romantic TV Shows
British TV Shows, Docuseries, Science & Nature TV
Crime TV Shows, International TV Shows, TV Dramas
Crime TV Shows, International TV Shows, TV Dramas
British TV Shows, Docuseries, International TV Shows
International TV Shows, TV Dramas,
Crime TV Shows, International TV Shows, TV Comedies
Crime TV Shows, Docuseries,
International TV Shows, TV Dramas, Teen TV Shows
Docuseries,,
International TV Shows, TV Dramas, TV Mysteries
International TV Shows, Reality TV,
Reality TV, Teen TV Shows,
Kids' TV,,
International TV Shows, TV Dramas,
Crime TV Shows, Romantic TV Shows, TV Dramas
Crime TV Shows, International TV Shows, TV Dramas
Crime TV Shows, International TV Shows, TV Action & Adventure
International TV Shows, Romantic TV Shows, TV Dramas
International TV Shows, Romantic TV Shows, TV Dramas
International TV Shows, Korean TV Shows, TV Comedies
British TV Shows, Docuseries, Science & Nature TV
Kids' TV, TV Comedies,
Anime Series, International TV Shows, Romantic TV Shows
Stand-Up Comedy & Talk Shows, TV Comedies,
International TV Shows, Romantic TV Shows, TV Comedies
Anime Series, Kids' TV,
British TV Shows, International TV Shows, TV Action & Adventure
British TV Shows, Docuseries,
Crime TV Shows, International TV Shows, TV Dramas
International TV Shows, Romantic TV Shows, TV Dramas
Docuseries, International TV Shows, Science & Nature TV
Docuseries,,
International TV Shows, Spanish-Language TV Shows, TV Action & Adventure
International TV Shows, Romantic TV Shows, TV Comedies
International TV Shows, Romantic TV Shows, TV Comedies
International TV Shows, Romantic TV Shows, TV Dramas
Crime TV Shows, International TV Shows, TV Dramas
Anime Series, International TV Shows, TV Thrillers
International TV Shows, TV Action & Adventure, TV Dramas
International TV Shows, TV Dramas,
TV Action & Adventure, TV Dramas, TV Mysteries
Anime Series, Crime TV Shows, International TV Shows
International TV Shows, Romantic TV Shows, TV Dramas
TV Horror, TV Mysteries, TV Sci-Fi & Fantasy
Crime TV Shows, International TV Shows, Korean TV Shows
Crime TV Shows, TV Comedies,
Kids' TV,,
International TV Shows, Romantic TV Shows, TV Dramas
Crime TV Shows, International TV Shows, TV Comedies
Crime TV Shows, Docuseries,
Romantic TV Shows, TV Dramas,
Stand-Up Comedy & Talk Shows, TV Comedies,
International TV Shows, Romantic TV Shows, TV Comedies
Kids' TV, TV Comedies,
Kids' TV,,
International TV Shows, Spanish-Language TV Shows, TV Dramas
British TV Shows, International TV Shows, TV Comedies
International TV Shows, Korean TV Shows, Romantic TV Shows
International TV Shows, Korean TV Shows, Romantic TV Shows
International TV Shows, TV Dramas,
Anime Series, International TV Shows,
Kids' TV,,
International TV Shows, TV Horror, TV Thrillers
Reality TV,,
Reality TV, TV Comedies,
Reality TV,,
Reality TV,,
Reality TV,,
TV Dramas,,
Anime Series, Kids' TV,
Crime TV Shows, International TV Shows, Korean TV Shows
International TV Shows, Stand-Up Comedy & Talk Shows, TV Comedies
International TV Shows, TV Dramas, TV Mysteries
Crime TV Shows, Docuseries,
Crime TV Shows, International TV Shows, TV Dramas
International TV Shows, Korean TV Shows, Romantic TV Shows
International TV Shows, Korean TV Shows, Romantic TV Shows
International TV Shows, Korean TV Shows, TV Dramas
International TV Shows, Korean TV Shows, TV Dramas
International TV Shows, Romantic TV Shows, TV Dramas
International TV Shows, TV Action & Adventure, TV Sci-Fi & Fantasy
International TV Shows, Korean TV Shows, TV Dramas
International TV Shows, Korean TV Shows, Romantic TV Shows
International TV Shows, Korean TV Shows, Romantic TV Shows
International TV Shows, Romantic TV Shows, TV Dramas
International TV Shows, Romantic TV Shows, TV Dramas
International TV Shows, Korean TV Shows, Romantic TV Shows
British TV Shows, Crime TV Shows, Docuseries
British TV Shows, Docuseries, International TV Shows
TV Comedies,,
Crime TV Shows, Docuseries,
Crime TV Shows, International TV Shows, TV Dramas
International TV Shows, TV Dramas,
Anime Series, International TV Shows,
International TV Shows, TV Dramas,
International TV Shows, TV Dramas,
International TV Shows, TV Dramas, TV Thrillers
British TV Shows, Kids' TV,
International TV Shows, Korean TV Shows, TV Dramas
Reality TV, Romantic TV Shows,
International TV Shows, TV Dramas,
Anime Series, International TV Shows,
Kids' TV, Korean TV Shows,
Kids' TV, TV Comedies,
International TV Shows, Reality TV, TV Action & Adventure
Crime TV Shows, Kids' TV, TV Comedies
International TV Shows, Reality TV,
International TV Shows, TV Dramas,
International TV Shows, TV Comedies,
Kids' TV, TV Comedies,
International TV Shows, Romantic TV Shows, TV Dramas
Docuseries, International TV Shows, Spanish-Language TV Shows
Kids' TV,,
International TV Shows, Romantic TV Shows, TV Comedies
International TV Shows, Romantic TV Shows, TV Comedies
TV Shows,,
Anime Series, International TV Shows,
Anime Series, Crime TV Shows, International TV Shows
International TV Shows, TV Dramas, Teen TV Shows
Anime Series, Crime TV Shows,
International TV Shows, Romantic TV Shows, TV Comedies
Crime TV Shows, Docuseries,
International TV Shows, TV Dramas,
Crime TV Shows, International TV Shows, TV Dramas
Docuseries,,
Kids' TV, TV Comedies,
Reality TV,,
Crime TV Shows, International TV Shows, Korean TV Shows
International TV Shows, TV Dramas,
International TV Shows, Korean TV Shows, Romantic TV Shows
International TV Shows, Korean TV Shows, Romantic TV Shows
International TV Shows, Korean TV Shows, TV Dramas
International TV Shows, Korean TV Shows, Romantic TV Shows
International TV Shows, Korean TV Shows, Romantic TV Shows
International TV Shows, Korean TV Shows, Romantic TV Shows
International TV Shows, TV Dramas,
TV Action & Adventure, TV Sci-Fi & Fantasy,
Crime TV Shows, Spanish-Language TV Shows, TV Dramas
International TV Shows, Romantic TV Shows, TV Dramas
International TV Shows, TV Dramas, TV Mysteries
Docuseries, Science & Nature TV,
TV Comedies,,
British TV Shows, Kids' TV,
International TV Shows, Spanish-Language TV Shows, TV Dramas
Crime TV Shows, Docuseries, International TV Shows
TV Comedies,,
Crime TV Shows, International TV Shows, Spanish-Language TV Shows
International TV Shows, TV Comedies,
Anime Series, International TV Shows, Teen TV Shows
Reality TV,,
British TV Shows, International TV Shows, TV Dramas
TV Action & Adventure, TV Dramas, TV Sci-Fi & Fantasy
Crime TV Shows, International TV Shows, Spanish-Language TV Shows
Crime TV Shows, International TV Shows, Spanish-Language TV Shows
British TV Shows, Crime TV Shows, Docuseries
Docuseries,,
Kids' TV,,
Docuseries,,
British TV Shows, TV Dramas, TV Sci-Fi & Fantasy
Crime TV Shows, International TV Shows, Spanish-Language TV Shows
Crime TV Shows, International TV Shows, Spanish-Language TV Shows
International TV Shows, TV Dramas, TV Horror
International TV Shows, TV Comedies, TV Dramas
International TV Shows, TV Comedies,
British TV Shows, International TV Shows, Romantic TV Shows
International TV Shows, Reality TV,
Crime TV Shows, International TV Shows, TV Dramas
International TV Shows, Korean TV Shows, Romantic TV Shows
Reality TV,,
International TV Shows, Romantic TV Shows, TV Dramas
Kids' TV,,
Docuseries, Reality TV,
Kids' TV,,
Docuseries,,
Reality TV,,
Crime TV Shows, TV Action & Adventure, TV Dramas
Reality TV, TV Comedies,
Reality TV,,
Crime TV Shows, International TV Shows, TV Dramas
Kids' TV, TV Action & Adventure, TV Comedies
International TV Shows, Romantic TV Shows, Spanish-Language TV Shows
Crime TV Shows, International TV Shows, Spanish-Language TV Shows
Crime TV Shows, International TV Shows, TV Dramas
Anime Series, International TV Shows,
Docuseries, Science & Nature TV,
Crime TV Shows, International TV Shows, Spanish-Language TV Shows
International TV Shows, TV Action & Adventure, TV Dramas
International TV Shows, Spanish-Language TV Shows, TV Action & Adventure
Anime Series, International TV Shows,
International TV Shows, TV Dramas, TV Thrillers
Docuseries, International TV Shows, Spanish-Language TV Shows
Docuseries, International TV Shows,
Crime TV Shows, International TV Shows, TV Dramas
Crime TV Shows, International TV Shows, TV Dramas
British TV Shows, Docuseries,
Crime TV Shows, Docuseries,
International TV Shows, TV Dramas,
International TV Shows, TV Dramas,
Crime TV Shows, International TV Shows, TV Dramas
International TV Shows, TV Dramas,
Stand-Up Comedy & Talk Shows, TV Comedies,
Kids' TV,,
Docuseries, International TV Shows, Science & Nature TV
Docuseries, Reality TV,
TV Comedies,,
Crime TV Shows, International TV Shows, Romantic TV Shows
Docuseries, International TV Shows,
International TV Shows, TV Mysteries, TV Thrillers
International TV Shows, Reality TV,
Docuseries, International TV Shows,
Crime TV Shows, Docuseries, International TV Shows
International TV Shows, TV Dramas, TV Mysteries
International TV Shows, Romantic TV Shows, TV Dramas
Docuseries, International TV Shows, Reality TV
International TV Shows, TV Dramas, TV Sci-Fi & Fantasy
Crime TV Shows, International TV Shows, TV Dramas
International TV Shows, TV Dramas,
British TV Shows, Docuseries, International TV Shows
Crime TV Shows, International TV Shows, TV Dramas
British TV Shows, Docuseries, International TV Shows
British TV Shows, Docuseries, International TV Shows
Crime TV Shows, International TV Shows, TV Dramas
Kids' TV,,
International TV Shows, Romantic TV Shows, TV Dramas
Crime TV Shows, International TV Shows, Romantic TV Shows
International TV Shows, Romantic TV Shows, TV Comedies
British TV Shows, Crime TV Shows, Docuseries
Crime TV Shows, International TV Shows, Spanish-Language TV Shows
International TV Shows, TV Dramas,
International TV Shows, TV Dramas, TV Thrillers
British TV Shows, Docuseries, International TV Shows
International TV Shows, Romantic TV Shows, TV Dramas
British TV Shows, Docuseries, Reality TV
British TV Shows, Crime TV Shows, Docuseries
British TV Shows, Docuseries, Science & Nature TV
International TV Shows, Spanish-Language TV Shows, TV Dramas
International TV Shows, Romantic TV Shows, TV Comedies
International TV Shows, Romantic TV Shows, TV Comedies
International TV Shows, Romantic TV Shows, TV Comedies
International TV Shows, Romantic TV Shows, TV Comedies
International TV Shows, Romantic TV Shows, TV Comedies
International TV Shows, Romantic TV Shows, TV Comedies
International TV Shows, Romantic TV Shows, TV Comedies
International TV Shows, TV Dramas,
British TV Shows, International TV Shows, TV Horror
Docuseries,,
British TV Shows, International TV Shows, Romantic TV Shows
TV Dramas, TV Sci-Fi & Fantasy, Teen TV Shows
Docuseries, Science & Nature TV,
Crime TV Shows, International TV Shows, TV Dramas
Kids' TV,,
Crime TV Shows, International TV Shows, Spanish-Language TV Shows
TV Dramas, TV Thrillers,
Crime TV Shows, International TV Shows, Korean TV Shows
International TV Shows, TV Action & Adventure, TV Comedies
International TV Shows, TV Comedies, TV Dramas
Anime Series, Crime TV Shows, International TV Shows
International TV Shows, TV Comedies, TV Dramas
International TV Shows, TV Comedies, TV Sci-Fi & Fantasy
International TV Shows, TV Comedies, TV Dramas
Crime TV Shows, International TV Shows, Romantic TV Shows
International TV Shows, TV Dramas,
International TV Shows, Romantic TV Shows, TV Dramas
International TV Shows, Korean TV Shows, Romantic TV Shows
International TV Shows, Korean TV Shows, TV Dramas
International TV Shows, Korean TV Shows, Romantic TV Shows
British TV Shows, Docuseries, International TV Shows
Docuseries,,
International TV Shows, Romantic TV Shows, TV Comedies
International TV Shows, TV Dramas,
International TV Shows, Reality TV, Romantic TV Shows
Kids' TV, TV Action & Adventure, TV Sci-Fi & Fantasy
International TV Shows, Romantic TV Shows, TV Comedies
International TV Shows, TV Dramas,
TV Horror, TV Mysteries, Teen TV Shows
Docuseries,,
TV Shows,,
TV Comedies,,
Kids' TV, TV Comedies,
British TV Shows, Docuseries, International TV Shows
British TV Shows, Docuseries, Science & Nature TV
British TV Shows, Docuseries, Science & Nature TV
British TV Shows, Docuseries, International TV Shows
TV Comedies,,
Docuseries,,
International TV Shows, Romantic TV Shows, TV Dramas
International TV Shows, Romantic TV Shows, TV Dramas
International TV Shows, Romantic TV Shows, TV Dramas
Crime TV Shows, International TV Shows, Spanish-Language TV Shows
International TV Shows, TV Action & Adventure, TV Comedies
International TV Shows, TV Comedies,
International TV Shows, Romantic TV Shows,
Anime Series, International TV Shows,
International TV Shows, TV Dramas,
Kids' TV,,
Crime TV Shows, International TV Shows, TV Dramas
Stand-Up Comedy & Talk Shows, TV Comedies,
TV Dramas, TV Mysteries, TV Sci-Fi & Fantasy
Romantic TV Shows, TV Dramas, TV Sci-Fi & Fantasy
Crime TV Shows, International TV Shows, TV Action & Adventure
International TV Shows, Romantic TV Shows, TV Dramas
International TV Shows, Stand-Up Comedy & Talk Shows, TV Comedies
International TV Shows, TV Action & Adventure, TV Sci-Fi & Fantasy
Kids' TV, TV Comedies,
Crime TV Shows, International TV Shows, Spanish-Language TV Shows
International TV Shows, Romantic TV Shows, TV Comedies
TV Action & Adventure, TV Dramas, TV Sci-Fi & Fantasy
International TV Shows, Romantic TV Shows, TV Dramas
TV Comedies,,
TV Comedies,,
TV Action & Adventure, TV Dramas, TV Horror
International TV Shows, Korean TV Shows, TV Dramas
Kids' TV, Reality TV, Science & Nature TV
International TV Shows, Korean TV Shows, TV Dramas
Kids' TV,,
Kids' TV, TV Comedies,
International TV Shows, TV Comedies,
International TV Shows, TV Dramas,
British TV Shows, Docuseries, International TV Shows
International TV Shows, Korean TV Shows, Romantic TV Shows
International TV Shows, Reality TV,
Anime Series,,
Anime Series, International TV Shows,
International TV Shows, TV Comedies,
International TV Shows, TV Dramas,
Crime TV Shows, International TV Shows, TV Comedies
International TV Shows, Spanish-Language TV Shows, TV Dramas
British TV Shows, International TV Shows, TV Comedies
International TV Shows, TV Dramas,
International TV Shows, TV Dramas,
International TV Shows, Spanish-Language TV Shows, TV Dramas
International TV Shows, TV Dramas,
Anime Series, International TV Shows,
International TV Shows, TV Dramas,
International TV Shows, TV Action & Adventure, TV Sci-Fi & Fantasy
Anime Series, Romantic TV Shows, Teen TV Shows
International TV Shows, Romantic TV Shows, TV Dramas
Docuseries, International TV Shows,
Anime Series, International TV Shows,
Anime Series, Kids' TV,
Kids' TV, TV Comedies,
International TV Shows, TV Comedies,
British TV Shows, Crime TV Shows, TV Dramas
Classic & Cult TV, TV Horror, TV Mysteries
Crime TV Shows, TV Action & Adventure, TV Dramas
Kids' TV,,
TV Action & Adventure, TV Comedies,
Crime TV Shows, International TV Shows, Spanish-Language TV Shows
British TV Shows, Docuseries, International TV Shows
TV Dramas, TV Sci-Fi & Fantasy,
TV Dramas,,
TV Dramas, TV Mysteries, TV Sci-Fi & Fantasy
Crime TV Shows, TV Action & Adventure, TV Dramas
TV Comedies,,
Kids' TV,,
Kids' TV, TV Comedies,
Crime TV Shows, International TV Shows, Spanish-Language TV Shows
Docuseries,,
International TV Shows, TV Comedies,
International TV Shows, Reality TV,
Docuseries,,
International TV Shows, TV Dramas, TV Horror
Crime TV Shows, International TV Shows, Spanish-Language TV Shows
TV Comedies,,
TV Sci-Fi & Fantasy, TV Thrillers,
TV Horror, TV Mysteries, TV Thrillers
International TV Shows, TV Action & Adventure, TV Dramas
Kids' TV,,
Crime TV Shows, TV Action & Adventure, TV Dramas
TV Action & Adventure, TV Comedies, TV Sci-Fi & Fantasy
Reality TV,,
Crime TV Shows, TV Dramas, TV Mysteries
Crime TV Shows, TV Dramas, TV Thrillers
Crime TV Shows, Romantic TV Shows, TV Dramas
International TV Shows, TV Dramas,
TV Dramas, TV Horror, TV Mysteries
Kids' TV,,
Crime TV Shows, International TV Shows, TV Action & Adventure
Kids' TV,,
Crime TV Shows, TV Comedies, Teen TV Shows
Crime TV Shows, International TV Shows, Spanish-Language TV Shows
TV Comedies,,
Docuseries,,
TV Comedies,,
Kids' TV,,
TV Comedies, TV Dramas,
Kids' TV, Korean TV Shows,
TV Comedies, TV Dramas,
Anime Series, International TV Shows,
TV Action & Adventure, TV Sci-Fi & Fantasy,
Docuseries, Science & Nature TV,
Anime Series, International TV Shows,
British TV Shows, Docuseries, Science & Nature TV
Crime TV Shows, TV Horror, TV Mysteries
Classic & Cult TV, TV Action & Adventure, TV Dramas
Crime TV Shows, TV Action & Adventure, TV Dramas
Kids' TV, Korean TV Shows,
British TV Shows, Classic & Cult TV, TV Comedies
Crime TV Shows, Docuseries, Science & Nature TV
TV Dramas, TV Mysteries, TV Sci-Fi & Fantasy
Kids' TV,,
TV Dramas, Teen TV Shows,
Kids' TV,,
Kids' TV,,
TV Dramas,,
British TV Shows, Kids' TV, TV Thrillers
British TV Shows, Crime TV Shows, International TV Shows
Docuseries, Science & Nature TV,
Kids' TV,,
Anime Series, International TV Shows,
International TV Shows, TV Dramas,
Kids' TV,,
Docuseries, International TV Shows,
Anime Series, International TV Shows,
TV Dramas, TV Mysteries, TV Sci-Fi & Fantasy
Reality TV,,
Anime Series, TV Horror, TV Thrillers
TV Comedies,,
Kids' TV,,
Kids' TV, TV Dramas, Teen TV Shows
TV Comedies, TV Dramas,
TV Comedies,,
British TV Shows, TV Comedies,
Stand-Up Comedy & Talk Shows,,
TV Horror, TV Mysteries, TV Thrillers
Kids' TV, TV Comedies,
TV Comedies, Teen TV Shows,
British TV Shows, Classic & Cult TV, International TV Shows
Crime TV Shows, Docuseries,
Crime TV Shows, TV Action & Adventure,
International TV Shows, TV Dramas, Teen TV Shows
International TV Shows, TV Dramas, Teen TV Shows
British TV Shows, Kids' TV,
Docuseries, Reality TV, Science & Nature TV
Kids' TV,,
International TV Shows, Spanish-Language TV Shows, TV Comedies
International TV Shows, TV Comedies,
Crime TV Shows, International TV Shows, TV Action & Adventure
Kids' TV, TV Comedies,
Crime TV Shows, International TV Shows, TV Comedies
Kids' TV, TV Comedies,
British TV Shows, Kids' TV,
Kids' TV,,
Anime Series, International TV Shows,
Docuseries, Reality TV,
Anime Series, International TV Shows, Romantic TV Shows
Crime TV Shows, Kids' TV,
Kids' TV, TV Comedies,
Reality TV, TV Horror, TV Thrillers
TV Comedies, TV Dramas, Teen TV Shows
International TV Shows, Romantic TV Shows, TV Comedies
Kids' TV, Korean TV Shows,
TV Comedies,,
British TV Shows, TV Comedies,
Kids' TV, TV Thrillers,
British TV Shows, TV Comedies,
British TV Shows, Crime TV Shows, Docuseries
British TV Shows, Classic & Cult TV, TV Comedies
Romantic TV Shows, TV Comedies, TV Dramas
TV Dramas, TV Sci-Fi & Fantasy, TV Thrillers
Romantic TV Shows, TV Comedies, TV Dramas
Kids' TV,,
Classic & Cult TV, TV Action & Adventure, TV Sci-Fi & Fantasy
Classic & Cult TV, TV Action & Adventure, TV Sci-Fi & Fantasy
TV Action & Adventure, TV Sci-Fi & Fantasy,
Reality TV,,
International TV Shows, Romantic TV Shows, TV Comedies
Kids' TV, TV Thrillers,
British TV Shows, Kids' TV,
International TV Shows, Korean TV Shows, Stand-Up Comedy & Talk Shows
British TV Shows, Reality TV,
Crime TV Shows, International TV Shows, Spanish-Language TV Shows
Anime Series, International TV Shows,
Kids' TV,,
International TV Shows, Romantic TV Shows, Spanish-Language TV Shows
Kids' TV, TV Comedies,
Kids' TV, TV Action & Adventure, TV Sci-Fi & Fantasy
British TV Shows, International TV Shows, TV Comedies
British TV Shows, TV Comedies,
TV Comedies,,
Kids' TV,,
British TV Shows, TV Comedies,
Anime Series, International TV Shows,
International TV Shows, TV Comedies,
Kids' TV,,
Kids' TV,,
Crime TV Shows, International TV Shows, Spanish-Language TV Shows
International TV Shows, Romantic TV Shows, TV Comedies
British TV Shows, Crime TV Shows, International TV Shows
Crime TV Shows, International TV Shows, TV Dramas
International TV Shows, TV Action & Adventure, TV Dramas
British TV Shows, International TV Shows, TV Comedies
Crime TV Shows, International TV Shows, Spanish-Language TV Shows
Reality TV,,
Kids' TV, TV Action & Adventure, TV Sci-Fi & Fantasy
Kids' TV, TV Comedies,
TV Comedies, TV Sci-Fi & Fantasy,
Crime TV Shows, TV Comedies, TV Dramas
Kids' TV, TV Comedies,
TV Dramas, TV Thrillers,
British TV Shows, International TV Shows, TV Action & Adventure
Kids' TV, TV Thrillers,
Kids' TV,,
British TV Shows, International TV Shows, TV Dramas
Crime TV Shows, TV Dramas,
Kids' TV,,
Kids' TV, TV Dramas,
Anime Series, Teen TV Shows,
Kids' TV,,
Docuseries, Reality TV,
Crime TV Shows, International TV Shows, TV Dramas
International TV Shows, Korean TV Shows, TV Dramas
Kids' TV,,
TV Comedies,,
Anime Series, Kids' TV,
TV Comedies,,
TV Comedies, TV Dramas, Teen TV Shows
International TV Shows, Reality TV, TV Comedies
Reality TV,,
Anime Series, Teen TV Shows,
Anime Series, International TV Shows, Teen TV Shows
Anime Series, Romantic TV Shows, Teen TV Shows
Docuseries, Science & Nature TV, TV Dramas
Anime Series, International TV Shows,
Reality TV,,
Kids' TV,,
Kids' TV, Spanish-Language TV Shows,
Docuseries,,
International TV Shows, Romantic TV Shows, Spanish-Language TV Shows
TV Comedies,,
Docuseries,,
British TV Shows, Crime TV Shows, International TV Shows
TV Dramas,,
Crime TV Shows, Docuseries,
Crime TV Shows, TV Comedies, TV Dramas
Crime TV Shows, TV Action & Adventure, TV Dramas
Kids' TV, TV Comedies,
Kids' TV,,
Kids' TV,,
Crime TV Shows, TV Dramas,
Stand-Up Comedy & Talk Shows,,
Kids' TV, TV Action & Adventure, TV Sci-Fi & Fantasy
TV Comedies,,
Crime TV Shows, TV Dramas,
Kids' TV, TV Comedies,
Classic & Cult TV, TV Action & Adventure, TV Horror
Kids' TV, TV Comedies,
TV Comedies,,
TV Action & Adventure, TV Sci-Fi & Fantasy,
Crime TV Shows, TV Action & Adventure,
TV Action & Adventure, TV Sci-Fi & Fantasy,
Kids' TV, TV Comedies,
TV Dramas, TV Mysteries, TV Thrillers
International TV Shows, TV Dramas, TV Horror
Kids' TV, TV Action & Adventure, TV Sci-Fi & Fantasy
Romantic TV Shows, TV Comedies, TV Dramas
International TV Shows, TV Action & Adventure, TV Dramas
Crime TV Shows, TV Dramas, TV Mysteries
Crime TV Shows, TV Action & Adventure, TV Sci-Fi & Fantasy
International TV Shows, Romantic TV Shows, Spanish-Language TV Shows
Kids' TV, TV Comedies,
Crime TV Shows, TV Action & Adventure,
Kids' TV, TV Comedies,
Crime TV Shows, International TV Shows, Spanish-Language TV Shows
TV Action & Adventure, TV Dramas, TV Sci-Fi & Fantasy
Crime TV Shows, TV Dramas,
Kids' TV,,
Crime TV Shows, Kids' TV, TV Comedies
TV Comedies, TV Dramas,
Reality TV,,
International TV Shows, TV Dramas, TV Mysteries
British TV Shows, International TV Shows, TV Comedies
British TV Shows, International TV Shows, TV Dramas
British TV Shows, Crime TV Shows, International TV Shows
TV Comedies,,
Stand-Up Comedy & Talk Shows,,
International TV Shows, TV Comedies,
TV Comedies, TV Dramas,
Crime TV Shows, International TV Shows, TV Dramas
Anime Series, International TV Shows,
Kids' TV,,
Anime Series, Kids' TV,
International TV Shows, Romantic TV Shows, TV Dramas
Romantic TV Shows, TV Comedies, TV Dramas
Anime Series, International TV Shows,
Crime TV Shows, TV Dramas,
International TV Shows, TV Dramas, TV Mysteries
Crime TV Shows, TV Dramas, TV Mysteries
British TV Shows, Classic & Cult TV, TV Comedies
International TV Shows, TV Dramas,
British TV Shows, International TV Shows, Romantic TV Shows
British TV Shows, Crime TV Shows, TV Dramas
Kids' TV,,
International TV Shows, TV Dramas,
Anime Series, Kids' TV,
British TV Shows, TV Comedies,
British TV Shows, TV Comedies,
International TV Shows, Reality TV,
British TV Shows, Docuseries, Science & Nature TV
Crime TV Shows, TV Comedies, TV Dramas
Crime TV Shows, TV Dramas, TV Mysteries
Classic & Cult TV, Crime TV Shows, International TV Shows
Romantic TV Shows, TV Comedies, TV Dramas
TV Comedies, TV Horror, TV Thrillers
International TV Shows, TV Dramas,
International TV Shows, Korean TV Shows, Reality TV
International TV Shows, Reality TV, Romantic TV Shows
TV Action & Adventure, TV Dramas, TV Sci-Fi & Fantasy
Crime TV Shows, TV Comedies, TV Dramas
British TV Shows, Kids' TV,
TV Dramas, TV Mysteries, TV Sci-Fi & Fantasy
TV Dramas,,
Romantic TV Shows, TV Dramas,
Stand-Up Comedy & Talk Shows, TV Comedies,
International TV Shows, Spanish-Language TV Shows, TV Dramas
Reality TV,,
Kids' TV, TV Comedies,
British TV Shows, Crime TV Shows, International TV Shows
Docuseries, Science & Nature TV,
Crime TV Shows, International TV Shows, Spanish-Language TV Shows
British TV Shows, Kids' TV,
International TV Shows, Reality TV,
TV Action & Adventure,,
Kids' TV, TV Comedies,
Kids' TV, Korean TV Shows, TV Comedies
Kids' TV, TV Comedies,
Anime Series, International TV Shows, Teen TV Shows
British TV Shows, Crime TV Shows, Docuseries
Docuseries,,
British TV Shows, Crime TV Shows, International TV Shows
International TV Shows, TV Dramas, TV Sci-Fi & Fantasy
Crime TV Shows, TV Dramas, TV Thrillers
TV Dramas,,
British TV Shows, International TV Shows, TV Dramas
TV Dramas,,
Reality TV, TV Comedies, TV Horror
International TV Shows, Romantic TV Shows, TV Dramas
Crime TV Shows, TV Dramas, TV Mysteries
Anime Series, International TV Shows,
Kids' TV, TV Comedies,
TV Comedies,,
TV Dramas,,
Crime TV Shows, Docuseries,
International TV Shows, Reality TV,
Kids' TV,,
International TV Shows, Spanish-Language TV Shows, TV Comedies
TV Horror, TV Mysteries, TV Thrillers
Anime Series, International TV Shows,
International TV Shows, Reality TV,
Crime TV Shows, TV Action & Adventure, TV Dramas
Crime TV Shows, International TV Shows, TV Dramas
Docuseries, Reality TV,
Kids' TV, Spanish-Language TV Shows, Teen TV Shows
Anime Series, International TV Shows,
International TV Shows, Romantic TV Shows, Teen TV Shows
Crime TV Shows, TV Action & Adventure, TV Dramas
International TV Shows, Reality TV,
Crime TV Shows, Docuseries,
TV Comedies,,
Kids' TV, TV Comedies,
Anime Series, Kids' TV,
TV Comedies, TV Dramas,
International TV Shows, Romantic TV Shows, TV Dramas
Crime TV Shows, TV Dramas,
Kids' TV,,
Anime Series, International TV Shows,
Romantic TV Shows, TV Dramas,
British TV Shows, Kids' TV, TV Comedies
Anime Series, International TV Shows,
Crime TV Shows, International TV Shows, TV Dramas
Crime TV Shows, International TV Shows, Spanish-Language TV Shows
TV Comedies, TV Dramas,
TV Comedies,,
Crime TV Shows, TV Action & Adventure, TV Dramas
Anime Series, International TV Shows, TV Thrillers
Kids' TV,,
International TV Shows, TV Dramas,
Anime Series, International TV Shows, Teen TV Shows
Crime TV Shows, International TV Shows, TV Dramas
Kids' TV, TV Comedies,
Stand-Up Comedy & Talk Shows,,
International TV Shows, Romantic TV Shows, TV Dramas
Kids' TV,,
Kids' TV,,
International TV Shows, TV Dramas, Teen TV Shows
British TV Shows, Kids' TV, TV Dramas
Docuseries, International TV Shows,
Docuseries,,
International TV Shows, TV Dramas, TV Thrillers
TV Horror, TV Mysteries, TV Sci-Fi & Fantasy
Anime Series, International TV Shows,
International TV Shows, TV Comedies, TV Dramas
International TV Shows, TV Comedies,
Anime Series, International TV Shows,
International TV Shows, Reality TV,
Kids' TV,,
TV Comedies,,
Crime TV Shows, Spanish-Language TV Shows, TV Action & Adventure
British TV Shows, International TV Shows, Reality TV
International TV Shows, Korean TV Shows, Romantic TV Shows
TV Comedies, TV Dramas,
Reality TV,,
British TV Shows, Kids' TV,
Kids' TV,,
Kids' TV,,
Crime TV Shows, Docuseries,
Reality TV,,
Kids' TV, TV Comedies,
Kids' TV,,
Docuseries,,
TV Dramas, TV Sci-Fi & Fantasy,
Stand-Up Comedy & Talk Shows, TV Comedies,
Crime TV Shows, International TV Shows, Spanish-Language TV Shows
Docuseries,,
Reality TV,,
Kids' TV, TV Comedies,
TV Comedies, TV Dramas,
Crime TV Shows, TV Dramas,
TV Comedies, TV Dramas, Teen TV Shows
Kids' TV, TV Comedies,
International TV Shows, TV Action & Adventure, TV Dramas
Stand-Up Comedy & Talk Shows, TV Comedies,
Kids' TV,,
Kids' TV, TV Action & Adventure, TV Sci-Fi & Fantasy
International TV Shows, TV Dramas,
British TV Shows, International TV Shows, Reality TV
International TV Shows, TV Action & Adventure, TV Dramas
British TV Shows, International TV Shows, Reality TV
Crime TV Shows, Docuseries,
Kids' TV,,
Kids' TV, Korean TV Shows,
Kids' TV, Korean TV Shows, TV Comedies
Crime TV Shows, TV Dramas, TV Mysteries
Romantic TV Shows, TV Dramas,
Classic & Cult TV, TV Comedies,
International TV Shows, Romantic TV Shows, Spanish-Language TV Shows
Crime TV Shows, International TV Shows, TV Dramas
International TV Shows, Romantic TV Shows, TV Dramas
Classic & Cult TV, TV Comedies,
Classic & Cult TV, TV Sci-Fi & Fantasy,
Classic & Cult TV, Crime TV Shows, TV Dramas
Crime TV Shows, International TV Shows, TV Dramas
International TV Shows, TV Dramas, TV Mysteries
TV Action & Adventure, TV Dramas,
TV Dramas,,
Classic & Cult TV, TV Comedies,
Docuseries, International TV Shows, Science & Nature TV
International TV Shows, TV Comedies, TV Dramas
International TV Shows, TV Dramas,
International TV Shows, Spanish-Language TV Shows, TV Action & Adventure
TV Action & Adventure, TV Comedies, TV Horror
Kids' TV, TV Comedies,
International TV Shows, Spanish-Language TV Shows, TV Comedies
International TV Shows, TV Dramas,
TV Action & Adventure, TV Dramas, TV Sci-Fi & Fantasy
Crime TV Shows, TV Action & Adventure, TV Thrillers
British TV Shows, Docuseries, International TV Shows
Docuseries, International TV Shows,
Docuseries, Reality TV,
International TV Shows, TV Dramas,
Kids' TV, TV Comedies,
Anime Series, International TV Shows,
International TV Shows, TV Comedies, TV Dramas
TV Comedies, TV Dramas,
Kids' TV,,
TV Comedies,,
Crime TV Shows, TV Action & Adventure, TV Thrillers
TV Comedies,,
Romantic TV Shows, TV Comedies,
TV Comedies,,
British TV Shows, Kids' TV, TV Comedies
International TV Shows, Spanish-Language TV Shows, TV Dramas
Kids' TV, TV Comedies,
Kids' TV, Spanish-Language TV Shows,
Anime Series,,
Crime TV Shows, International TV Shows, Reality TV
Kids' TV,,
Anime Series, International TV Shows,
Kids' TV, TV Action & Adventure, TV Comedies
Stand-Up Comedy & Talk Shows, TV Comedies,
International TV Shows, TV Dramas,
Crime TV Shows, TV Dramas, TV Mysteries
Anime Series, International TV Shows,
Kids' TV,,
British TV Shows, International TV Shows, Romantic TV Shows
British TV Shows, TV Comedies,
TV Action & Adventure, TV Sci-Fi & Fantasy,
Kids' TV, TV Comedies,
Kids' TV,,
TV Comedies,,
Kids' TV,,
Crime TV Shows, International TV Shows, TV Dramas
TV Comedies,,
British TV Shows, TV Comedies,
TV Comedies,,
Kids' TV, TV Dramas,
Kids' TV,,
Kids' TV,,
International TV Shows, Spanish-Language TV Shows, TV Comedies
Crime TV Shows, International TV Shows, TV Dramas
International TV Shows, TV Dramas, TV Thrillers
Docuseries, Reality TV,
International TV Shows, TV Dramas,
Crime TV Shows, International TV Shows, TV Dramas
British TV Shows, International TV Shows, Reality TV
Kids' TV,,
International TV Shows, Romantic TV Shows, TV Comedies
Crime TV Shows, TV Dramas, TV Horror
British TV Shows, Crime TV Shows, International TV Shows
Crime TV Shows, International TV Shows, TV Dramas
International TV Shows, Romantic TV Shows, TV Comedies
Kids' TV, TV Action & Adventure,
International TV Shows, Romantic TV Shows, TV Dramas
Kids' TV,,
International TV Shows, Romantic TV Shows, Spanish-Language TV Shows
British TV Shows, Docuseries,
Kids' TV,,
Kids' TV,,
Kids' TV,,
Kids' TV, TV Comedies,
Docuseries,,
Kids' TV,,
Crime TV Shows, Docuseries, International TV Shows
British TV Shows, Kids' TV,
Kids' TV, Korean TV Shows, TV Comedies
TV Action & Adventure, TV Dramas,
TV Dramas,,
TV Comedies, TV Sci-Fi & Fantasy, Teen TV Shows
TV Comedies,,
TV Dramas,,
Classic & Cult TV, TV Action & Adventure, TV Horror
Kids' TV, Korean TV Shows,
International TV Shows, TV Dramas, TV Thrillers
Reality TV,,
TV Comedies, TV Dramas,
Kids' TV, TV Comedies,
Reality TV,,
International TV Shows, Korean TV Shows, TV Comedies
Kids' TV, TV Comedies, TV Dramas
TV Dramas,,
Stand-Up Comedy & Talk Shows, TV Comedies,
Anime Series, International TV Shows,
TV Dramas,,
Crime TV Shows, Spanish-Language TV Shows, TV Action & Adventure
Anime Series, Kids' TV,
TV Dramas, TV Mysteries, TV Sci-Fi & Fantasy
TV Comedies, TV Dramas,
British TV Shows, TV Comedies,
Anime Series, International TV Shows,
Anime Series, International TV Shows,
British TV Shows, TV Comedies,
International TV Shows, Korean TV Shows, Romantic TV Shows
Classic & Cult TV, Kids' TV, TV Comedies
TV Dramas, TV Sci-Fi & Fantasy,
Kids' TV, Korean TV Shows,
Kids' TV,,
Kids' TV, TV Comedies,
British TV Shows, TV Comedies,
British TV Shows, TV Comedies, TV Dramas
International TV Shows, TV Dramas,
Docuseries, Reality TV, Science & Nature TV
British TV Shows, Docuseries, International TV Shows
British TV Shows, International TV Shows, TV Comedies
Anime Series, International TV Shows,
British TV Shows, International TV Shows, TV Action & Adventure
TV Comedies, TV Dramas,
International TV Shows, Reality TV,
British TV Shows, Crime TV Shows, Docuseries
International TV Shows, Reality TV,
Crime TV Shows, International TV Shows, TV Dramas
Kids' TV,,
TV Dramas,,
Crime TV Shows, International TV Shows, TV Dramas
Romantic TV Shows, TV Action & Adventure, TV Dramas
Anime Series, International TV Shows,
Anime Series, Kids' TV,
Kids' TV, Korean TV Shows, TV Comedies
British TV Shows, Reality TV,
TV Comedies, TV Dramas,
TV Comedies,,
British TV Shows, International TV Shows, Reality TV
British TV Shows, Reality TV,
Kids' TV, TV Comedies,
Kids' TV, Korean TV Shows,
TV Dramas,,
International TV Shows, Romantic TV Shows, Spanish-Language TV Shows
TV Comedies, TV Dramas,
TV Comedies, TV Dramas, TV Horror
TV Dramas, TV Horror, TV Mysteries
Romantic TV Shows, TV Comedies, TV Dramas
Kids' TV, TV Comedies, TV Dramas
Kids' TV,,
International TV Shows, Korean TV Shows, Stand-Up Comedy & Talk Shows
International TV Shows, Korean TV Shows, Reality TV
Docuseries,,
Crime TV Shows, TV Dramas, TV Thrillers
Stand-Up Comedy & Talk Shows, TV Comedies,
Reality TV,,
Reality TV, Spanish-Language TV Shows,
Kids' TV, TV Comedies,
British TV Shows, Reality TV,
Kids' TV,,
Kids' TV,,
International TV Shows, TV Comedies,
Reality TV,,
International TV Shows, TV Action & Adventure, TV Dramas
British TV Shows, International TV Shows, Reality TV
TV Comedies,,
Anime Series, Kids' TV,
Crime TV Shows, TV Dramas, TV Mysteries
Crime TV Shows, Docuseries,
Anime Series, Crime TV Shows, International TV Shows
Crime TV Shows, International TV Shows, TV Dramas
Kids' TV,,
TV Comedies, TV Dramas,
British TV Shows, International TV Shows, TV Comedies
Kids' TV, TV Action & Adventure,
British TV Shows, International TV Shows, TV Dramas
Crime TV Shows, TV Dramas, TV Thrillers
British TV Shows, Crime TV Shows, Docuseries
Kids' TV,,
Kids' TV,,
Crime TV Shows, TV Dramas, TV Mysteries
Docuseries,,
Classic & Cult TV, TV Action & Adventure, TV Dramas
Crime TV Shows, International TV Shows, TV Dramas
British TV Shows, Crime TV Shows, Docuseries
TV Action & Adventure, TV Dramas, TV Sci-Fi & Fantasy
International TV Shows, Romantic TV Shows, TV Dramas
TV Dramas,,
Kids' TV,,
British TV Shows, International TV Shows, Reality TV
TV Dramas,,
Crime TV Shows, TV Dramas, TV Mysteries
Crime TV Shows, TV Dramas,
British TV Shows, Crime TV Shows, International TV Shows
British TV Shows, International TV Shows, TV Dramas
British TV Shows, Classic & Cult TV, International TV Shows
British TV Shows, Crime TV Shows, International TV Shows
Kids' TV, Korean TV Shows,
International TV Shows, Korean TV Shows, Stand-Up Comedy & Talk Shows
TV Dramas,,
Kids' TV,,
TV Horror, TV Mysteries, TV Sci-Fi & Fantasy
British TV Shows, International TV Shows, TV Comedies
Crime TV Shows, International TV Shows, TV Comedies
Docuseries,,
Kids' TV,,
British TV Shows, International TV Shows, Romantic TV Shows
Anime Series, International TV Shows,
TV Comedies,,
TV Action & Adventure, TV Comedies, TV Horror
Crime TV Shows, International TV Shows, Spanish-Language TV Shows
International TV Shows, TV Dramas, TV Horror
Crime TV Shows, International TV Shows, Spanish-Language TV Shows
International TV Shows, Reality TV, Spanish-Language TV Shows
International TV Shows, Romantic TV Shows, TV Action & Adventure
International TV Shows, Romantic TV Shows, TV Comedies
Kids' TV, TV Comedies,
Kids' TV, TV Comedies,
International TV Shows, Korean TV Shows, TV Comedies
TV Action & Adventure, TV Sci-Fi & Fantasy,
British TV Shows, International TV Shows, TV Comedies
Kids' TV, Korean TV Shows,
International TV Shows, TV Comedies,
Crime TV Shows, Docuseries,
TV Dramas, TV Horror, TV Mysteries
Kids' TV, TV Comedies,
International TV Shows, Spanish-Language TV Shows, TV Comedies
Kids' TV, TV Comedies,
Crime TV Shows, International TV Shows, TV Action & Adventure
International TV Shows, Romantic TV Shows, TV Comedies
Stand-Up Comedy & Talk Shows, TV Comedies,
Romantic TV Shows, TV Comedies,
Kids' TV,,
Romantic TV Shows, TV Comedies,
Kids' TV, TV Comedies,
Anime Series, Kids' TV,
Kids' TV,,
International TV Shows, Reality TV,
TV Comedies, TV Dramas,
Anime Series, Crime TV Shows,
Docuseries,,
Classic & Cult TV, TV Comedies,
International TV Shows, Spanish-Language TV Shows, TV Comedies
Kids' TV, TV Comedies,
Kids' TV,,
TV Action & Adventure, TV Comedies, TV Sci-Fi & Fantasy
TV Comedies,,
British TV Shows, TV Comedies, TV Dramas
Classic & Cult TV, TV Comedies,
